Cluster,Num_Customers,Recency,Frequency,Monetary,RFM_Score
2,13,7.384615384615385,82.53846153846153,127338.31384615385,14.615384615384615
3,204,15.5,22.333333333333332,12709.090490196078,14.57843137254902
0,3054,43.7026850032744,3.682711198428291,1359.0492838899802,9.958087753765554
1,1067,248.0759137769447,1.5520149953139644,480.6174798500469,5.185567010309279
